SRR5088813,Pre
SRR5088814,On
SRR5088815,Pre
SRR5088816,On
SRR5088817,On
SRR5088818,Pre
SRR5088819,Pre
SRR5088820,On
SRR5088821,Pre
SRR5088822,Pre
SRR5088823,On
SRR5088824,Pre
SRR5088825,On
SRR5088826,Pre
SRR5088827,Pre
SRR5088828,On
SRR5088829,Pre
SRR5088830,On
SRR5088831,Pre
SRR5088832,On
SRR5088833,On
SRR5088834,Pre
SRR5088835,On
SRR5088836,Pre
SRR5088837,On
SRR5088838,On
SRR5088839,Pre
SRR5088840,Pre
SRR5088841,On
SRR5088842,On
SRR5088843,Pre
SRR5088844,On
SRR5088845,On
SRR5088846,Pre
SRR5088847,On
SRR5088848,On
SRR5088849,Pre
SRR5088850,Pre
SRR5088851,On
SRR5088852,On
SRR5088853,Pre
SRR5088854,On
SRR5088855,On
SRR5088856,Pre
SRR5088857,Pre
SRR5088858,On
SRR5088859,On
SRR5088860,On
SRR5088861,Pre
SRR5088862,On
SRR5088864,Pre
SRR5088865,On
SRR5088866,Pre
SRR5088867,Pre
SRR5088870,On
SRR5088871,On
SRR5088872,Pre
SRR5088873,On
SRR5088874,On
SRR5088877,On
SRR5088878,Pre
SRR5088879,On
SRR5088880,Pre
SRR5088882,On
SRR5088883,Pre
SRR5088885,Pre
SRR5088886,On
SRR5088887,Pre
SRR5088888,On
SRR5088889,On
SRR5088890,Pre
SRR5088891,Pre
SRR5088892,On
SRR5088893,On
SRR5088894,On
SRR5088895,Pre
SRR5088896,On
SRR5088897,Pre
SRR5088898,Pre
SRR5088899,On
SRR5088900,Pre
SRR5088903,On
SRR5088904,Pre
SRR5088905,On
SRR5088906,Pre
SRR5088907,On
SRR5088908,Pre
SRR5088909,Pre
SRR5088910,On
SRR5088911,Pre
SRR5088912,On
SRR5088913,Pre
SRR5088914,Pre
SRR5088915,On
SRR5088916,Pre
SRR5088917,On
SRR5088918,On
SRR5088919,On
SRR5088920,Pre
SRR5088921,On
SRR5088922,Pre
SRR5088923,On
SRR5088924,Pre
SRR5088925,On
SRR5088926,Pre
SRR5088927,On
SRR5088928,On
SRR5088929,Pre
SRR5088930,On
